id,title,school-year
226AMissLucyCooke144,6A,2022-2023
226AMissJaniceClarke389,6A,2022-2023
226BMissLucyCooke144,6A,2022-2023
226BKeithStewart941,6A,2022-2023
226VKeithStewart941,6A,2022-2023
226VMissLucyCooke144,6A,2022-2023
227A,7A,2022-2023
227ADrKirstyMiller653,7A,2022-2023
227B,7A,2022-2023
227BMrLeonardJames100,7A,2022-2023
227V,7A,2022-2023
227VMrLeonardJames100,7A,2022-2023
227GMissLucyCooke144,7A,2022-2023
227GMissJaniceClarke389,7A,2022-2023
227DMissJaniceClarke389,7A,2022-2023
227DMissLucyCooke144,7A,2022-2023
228A,8A,2022-2023
228ADrBryanElliott804,8A,2022-2023
228AMrLeonardJames100,8A,2022-2023
228B,8A,2022-2023
228V,8A,2022-2023
228VMissLucyCooke144,8A,2022-2023
228VMrLeonardJames100,8A,2022-2023
228GKeithStewart941,8A,2022-2023
228GMrLeonardJames100,8A,2022-2023
228D,8A,2022-2023
228DMissLucyCooke144,8A,2022-2023
229AKeithStewart941,9A,2022-2023
229AMrLeonardJames100,9B,2022-2023
229BNathanHamilton425,9B,2022-2023
229BKeithStewart941,9B,2022-2023
229VMrLeonardJames100,9B,2022-2023
229VKeithStewart941,9B,2022-2023
229G,9B,2022-2023
229D,9B,2022-2023
229DDrBryanElliott804,9B,2022-2023
229DMrLeonardJames100,9B,2022-2023
2210A,10B,2022-2023
2210ADrBryanElliott804,10B,2022-2023
2210AKeithStewart941,10B,2022-2023
2210B,10B,2022-2023
2210BKeithStewart941,10B,2022-2023
2210BDrBryanElliott804,10B,2022-2023
2210V,10B,2022-2023
2210VMrLeonardJames100,10B,2022-2023
2210VKeithStewart941,10B,2022-2023
2210VDrBryanElliott804,10B,2022-2023
2210GKeithStewart941,10B,2022-2023
2210GMrLeonardJames100,10B,2022-2023
2210GDrBryanElliott804,10B,2022-2023
2210G,10B,2022-2023
2210D,10B,2022-2023
2210DMrLeonardJames100,10B,2022-2023
2210DKeithStewart941,10B,2022-2023
2210DNathanHamilton425,10B,2022-2023
2211A,11B,2022-2023
2211ADrBryanElliott804,11B,2022-2023
2211ANathanHamilton425,11V,2022-2023
2211AKeithStewart941,11V,2022-2023
2211B,11V,2022-2023
2211BKeithStewart941,11V,2022-2023
2211BDrBryanElliott804,11V,2022-2023
2211VKeithStewart941,11V,2022-2023
2211V,11V,2022-2023
2211VNathanHamilton425,11V,2022-2023
2211VDrBryanElliott804,11V,2022-2023
2211G,11V,2022-2023
2211GKeithStewart941,11V,2022-2023
2211GDrBryanElliott804,11V,2022-2023
2211D,11V,2022-2023
2211DKeithStewart941,11V,2022-2023
2211DMrLeonardJames100,11V,2022-2023
216A,6V,2021-2022
216B,6V,2021-2022
216V,6V,2021-2022
216VMrLeonardJames100,6V,2021-2022
217A,7V,2021-2022
217AMrLeonardJames100,7V,2021-2022
217B,7V,2021-2022
217V,7V,2021-2022
217VEmilyThorpe514,7V,2021-2022
217GKeithStewart941,7V,2021-2022
217GMrLeonardJames100,7V,2021-2022
217D,7V,2021-2022
218AKeithStewart941,8V,2021-2022
218ANathanHamilton425,8A,2021-2022
218BNathanHamilton425,8A,2021-2022
218BKeithStewart941,8A,2021-2022
218VNathanHamilton425,8A,2021-2022
218VKeithStewart941,8A,2021-2022
218G,8A,2021-2022
218D,8A,2021-2022
218DDrBryanElliott804,8A,2021-2022
219A,9A,2021-2022
219ADrBryanElliott804,9A,2021-2022
219B,9A,2021-2022
219BEmilyThorpe514,9A,2021-2022
219BDrBryanElliott804,9A,2021-2022
219VEmilyThorpe514,9A,2021-2022
219V,9A,2021-2022
219VDrBryanElliott804,9A,2021-2022
219G,9A,2021-2022
219GDrBryanElliott804,9A,2021-2022
219D,9A,2021-2022
219DNathanHamilton425,9A,2021-2022
2110A,10A,2021-2022
2110ADrBryanElliott804,10A,2021-2022
2110ANathanHamilton425,10A,2021-2022
2110AKeithStewart941,10A,2021-2022
2110B,10A,2021-2022
2110BKeithStewart941,10A,2021-2022
2110VKeithStewart941,10A,2021-2022
2110V,10A,2021-2022
2110VNathanHamilton425,10A,2021-2022
2110VDrBryanElliott804,10B,2021-2022
2110G,10B,2021-2022
2110GKeithStewart941,10B,2021-2022
2110GDrBryanElliott804,10B,2021-2022
2110D,10B,2021-2022
2110DKeithStewart941,10B,2021-2022
2110DMrLeonardJames100,10B,2021-2022
2111AKeithStewart941,11B,2021-2022
2111A,11B,2021-2022
2111ADrBryanElliott804,11B,2021-2022
2111BMrLeonardJames100,11B,2021-2022
2111B,11B,2021-2022
2111V,11B,2021-2022
2111VMrLeonardJames100,11B,2021-2022
2111VKeithStewart941,11B,2021-2022
2111GKeithStewart941,11B,2021-2022
2111G,11B,2021-2022
2111GMrLeonardJames100,11B,2021-2022
2111D,11B,2021-2022
2111DKeithStewart941,11B,2021-2022
2111DMrLeonardJames100,11B,2021-2022
206A,6B,2020-2021
206AMrLeonardJames100,6B,2020-2021
206B,6B,2020-2021
206V,6B,2020-2021
206VEmilyThorpe514,6B,2020-2021
207AKeithStewart941,7V,2020-2021
207ANathanHamilton425,7V,2020-2021
207A,7V,2020-2021
207BNathanHamilton425,7V,2020-2021
207BKeithStewart941,7V,2020-2021
207B,7V,2020-2021
207VNathanHamilton425,7V,2020-2021
207V,7V,2020-2021
207VKeithStewart941,7V,2020-2021
207G,7V,2020-2021
207D,7V,2020-2021
207DDrBryanElliott804,7V,2020-2021
208A,8V,2020-2021
208ADrBryanElliott804,8V,2020-2021
208B,8V,2020-2021
208BEmilyThorpe514,8V,2020-2021
208VEmilyThorpe514,8V,2020-2021
208V,8V,2020-2021
208VDrBryanElliott804,8V,2020-2021
208G,8V,2020-2021
208GDrBryanElliott804,8V,2020-2021
208D,8V,2020-2021
208DNathanHamilton425,8V,2020-2021
209A,9V,2020-2021
209ANathanHamilton425,9V,2020-2021
209AEmilyThorpe514,9V,2020-2021
209B,9V,2020-2021
209BNathanHamilton425,9V,2020-2021
209V,9V,2020-2021
209VNathanHamilton425,9V,2020-2021
209VDrBryanElliott804,9V,2020-2021
209G,9V,2020-2021
209GDrBryanElliott804,9V,2020-2021
209D,9G,2020-2021
209DMrLeonardJames100,9G,2020-2021
2010AKeithStewart941,10G,2020-2021
2010A,10G,2020-2021
2010B,10G,2020-2021
2010V,10G,2020-2021
2010VMrLeonardJames100,10G,2020-2021
2010VKeithStewart941,10G,2020-2021
2010GKeithStewart941,10G,2020-2021
2010G,10G,2020-2021
2010GMrLeonardJames100,10G,2020-2021
2010D,10G,2020-2021
2010DKeithStewart941,10G,2020-2021
2010DMrLeonardJames100,10G,2020-2021
2011V,11G,2020-2021
2011GMrLeonardJames100,11G,2020-2021
2011EKeithStewart941,11G,2020-2021